rank	motif_DB	motif_ID	motif_alt_ID	consensus	p-value	adj_p-value	E-value	tests	FASTA_max	pos	neg	PWM_min	TP	%TP	FP	%FP
1	/pine/scr/s/n/snystrom/br-cut-n-run-all/Data/fly_factor_survey_id.meme	Aef1_SOLEXA	FBgn0005694_3	KGTTGTTGTTGTWRT	7.61e-62	3.10e-59	1.88e-56	407	1351	1351	1351	1.16	351	25.98	56	4.15
2	/pine/scr/s/n/snystrom/br-cut-n-run-all/Data/fly_factor_survey_id.meme	CG4360-F1-3_SOLEXA	FBgn0038787_2	KTTGTTGTTGTWRTN	3.57e-56	1.29e-53	7.87e-51	363	1351	1351	1351	1.13	315	23.32	48	3.55
3	/pine/scr/s/n/snystrom/br-cut-n-run-all/Data/fly_factor_survey_id.meme	Trl_FlyReg	FBgn0013263	YYKCTCTCTY	2.37e-53	2.48e-50	1.51e-47	1044	1351	1351	1351	3.32	387	28.65	91	6.74
4	/pine/scr/s/n/snystrom/br-cut-n-run-all/Data/fly_factor_survey_id.meme	Aef1_SANGER_5	FBgn0005694_2	RCAACAACAAC	2.53e-48	6.64e-46	4.04e-43	262	1351	1351	1351	1.81	217	16.06	18	1.33
5	/pine/scr/s/n/snystrom/br-cut-n-run-all/Data/fly_factor_survey_id.meme	Aef1_FlyReg	FBgn0005694	CAACWACW	8.78e-48	3.05e-45	1.85e-42	347	1351	1351	1351	1.24	262	19.39	37	2.74
6	/pine/scr/s/n/snystrom/br-cut-n-run-all/Data/fly_factor_survey_id.meme	jim_F1-9_SOLEXA_2.5	FBgn0027339_2	RMAAAAAAAMMAMMV	1.12e-45	1.01e-42	6.13e-40	897	1351	1351	1351	3.83	460	34.05	156	11.55
7	/pine/scr/s/n/snystrom/br-cut-n-run-all/Data/fly_factor_survey_id.meme	rn_SOLEXA_5	FBgn0259172_2	VNNNRCAAAAAAMVVNNVMVVVNHN	4.49e-35	3.07e-32	1.87e-29	683	1351	1351	1351	1.19	476	35.23	201	14.88
8	/pine/scr/s/n/snystrom/br-cut-n-run-all/Data/fly_factor_survey_id.meme	jim_SANGER_2.5	FBgn0027339	AAAAAAAAMSA	5.37e-33	2.19e-30	1.33e-27	407	1351	1351	1351	1.51	293	21.69	83	6.14
9	/pine/scr/s/n/snystrom/br-cut-n-run-all/Data/fly_factor_survey_id.meme	CG4360_F1-3_SANGER_2.5	FBgn0038787	MCAACAACAAVMS	7.06e-31	1.71e-28	1.04e-25	242	1351	1351	1351	1.23	200	14.80	37	2.74
10	/pine/scr/s/n/snystrom/br-cut-n-run-all/Data/fly_factor_survey_id.meme	fru-PG_SANGER_5	FBgn0004652_3	GAAAAAW	2.66e-31	2.91e-28	1.77e-25	1094	1351	1351	1351	2.96	416	30.79	170	12.58
11	/pine/scr/s/n/snystrom/br-cut-n-run-all/Data/fly_factor_survey_id.meme	CG2052_SANGER_2.5	FBgn0039905	AARVBYAAAAAAAT	1.10e-29	3.95e-27	2.40e-24	359	1351	1351	1351	1.29	272	20.13	79	5.85
12	/pine/scr/s/n/snystrom/br-cut-n-run-all/Data/fly_factor_survey_id.meme	Blimp-1_SOLEXA	FBgn0035625_3	RVHRAAAGTGAAAGTNV	2.75e-29	1.16e-26	7.07e-24	422	1351	1351	1351	1.12	315	23.32	107	7.92
13	/pine/scr/s/n/snystrom/br-cut-n-run-all/Data/fly_factor_survey_id.meme	hb_FlyReg	FBgn0001180_2	TTTTTTAT	1.49e-29	1.68e-26	1.02e-23	1126	1351	1351	1351	2.03	571	42.26	299	22.13
14	/pine/scr/s/n/snystrom/br-cut-n-run-all/Data/fly_factor_survey_id.meme	sqz_SANGER_5	FBgn0010768	RVTWHAYAAAAAAAAM	3.19e-28	1.18e-25	7.16e-23	369	1351	1351	1351	1.22	277	20.50	86	6.37
15	/pine/scr/s/n/snystrom/br-cut-n-run-all/Data/fly_factor_survey_id.meme	hb_NAR	FBgn0001180	CAAAAAAAMM	4.95e-28	1.98e-25	1.20e-22	400	1351	1351	1351	10	214	15.84	50	3.70
16	/pine/scr/s/n/snystrom/br-cut-n-run-all/Data/fly_factor_survey_id.meme	sqz_SOLEXA_5	FBgn0010768_2	VRNRMAAAAAAAABV	7.34e-28	3.81e-25	2.32e-22	520	1351	1351	1351	21.2	200	14.80	43	3.18
17	/pine/scr/s/n/snystrom/br-cut-n-run-all/Data/fly_factor_survey_id.meme	CG2052_SOLEXA_2.5	FBgn0039905_2	VVNNHRAAAAAAWSM	6.85e-27	4.06e-24	2.47e-21	593	1351	1351	1351	2.33	348	25.76	137	10.14
18	/pine/scr/s/n/snystrom/br-cut-n-run-all/Data/fly_factor_survey_id.meme	klu_SOLEXA_5	FBgn0013469_2	KGYGKGGGTGKKDBN	2.65e-26	1.34e-23	8.17e-21	506	1351	1351	1351	1.34	335	24.80	130	9.62
19	/pine/scr/s/n/snystrom/br-cut-n-run-all/Data/fly_factor_survey_id.meme	slp1_NAR	FBgn0003430	DTGTTTAYRYW	1.41e-25	1.08e-22	6.56e-20	767	1351	1351	1351	1.05	500	37.01	258	19.10
20	/pine/scr/s/n/snystrom/br-cut-n-run-all/Data/fly_factor_survey_id.meme	hb_SOLEXA_5	FBgn0001180_4	BBYKTTTTTTR	1.94e-23	1.25e-20	7.59e-18	645	1351	1351	1351	1.78	393	29.09	183	13.55
21	/pine/scr/s/n/snystrom/br-cut-n-run-all/Data/fly_factor_survey_id.meme	rn_SANGER_10	FBgn0259172	MRDHSAAAAAAAACRHDCHRADVRC	8.21e-23	2.87e-20	1.74e-17	349	1351	1351	1351	1.85	239	17.69	78	5.77
22	/pine/scr/s/n/snystrom/br-cut-n-run-all/Data/fly_factor_survey_id.meme	CG11504_SANGER_5	FBgn0039733	CAGCAACAT	1.77e-22	6.95e-20	4.23e-17	392	1351	1351	1351	2.06	239	17.69	79	5.85
23	/pine/scr/s/n/snystrom/br-cut-n-run-all/Data/fly_factor_survey_id.meme	exd_FlyReg	FBgn0000611_2	TTTNRWTYWA	8.80e-23	1.19e-19	7.24e-17	1353	1351	1351	1351	1.75	595	44.04	353	26.13
24	/pine/scr/s/n/snystrom/br-cut-n-run-all/Data/fly_factor_survey_id.meme	hb_SANGER_2.5	FBgn0001180_3	KSBDTTTTTTAHK	1.19e-21	3.74e-19	2.27e-16	313	1351	1351	1351	1.23	227	16.80	74	5.48
25	/pine/scr/s/n/snystrom/br-cut-n-run-all/Data/fly_factor_survey_id.meme	fd64A_SANGER_5	FBgn0004895	TVTAAACA	3.14e-21	2.81e-18	1.71e-15	896	1351	1351	1351	1.04	557	41.23	328	24.28
26	/pine/scr/s/n/snystrom/br-cut-n-run-all/Data/fly_factor_survey_id.meme	cad_FlyReg	FBgn0000251_2	BTTTWBGAT	3.43e-18	4.47e-15	2.72e-12	1301	1351	1351	1351	1.27	638	47.22	419	31.01
27	/pine/scr/s/n/snystrom/br-cut-n-run-all/Data/fly_factor_survey_id.meme	CG16899_SANGER_5	FBgn0037735	VRTAAACAA	2.15e-17	1.35e-14	8.21e-12	627	1351	1351	1351	1.34	369	27.31	192	14.21
28	/pine/scr/s/n/snystrom/br-cut-n-run-all/Data/fly_factor_survey_id.meme	slbo_FlyReg	FBgn0005638	ATTGCAMA	2.84e-17	2.50e-14	1.52e-11	881	1351	1351	1351	1.18	479	35.46	283	20.95
29	/pine/scr/s/n/snystrom/br-cut-n-run-all/Data/fly_factor_survey_id.meme	Mirr_Cell	FBgn0014343	WDAWAACA	2.49e-17	3.20e-14	1.95e-11	1287	1351	1351	1351	4.2	175	12.95	55	4.07
30	/pine/scr/s/n/snystrom/br-cut-n-run-all/Data/fly_factor_survey_id.meme	CG31670_SANGER_5	FBgn0031375	AAAWGMGCAWC	7.64e-17	3.43e-14	2.08e-11	449	1351	1351	1351	1.07	303	22.43	144	10.66
31	/pine/scr/s/n/snystrom/br-cut-n-run-all/Data/fly_factor_survey_id.meme	CG31670_SOLEXA_5	FBgn0031375_2	HMAAAWGAGCAACCV	9.43e-16	3.35e-13	2.04e-10	355	1351	1351	1351	1.12	247	18.28	108	7.99
32	/pine/scr/s/n/snystrom/br-cut-n-run-all/Data/fly_factor_survey_id.meme	ey_SOLEXA_5	FBgn0005558_2	YDYBGTGTGCRKTSRDGYGTRAADD	1.29e-14	1.80e-12	1.09e-9	139	1351	1351	1351	1.57	111	8.22	26	1.92
33	/pine/scr/s/n/snystrom/br-cut-n-run-all/Data/fly_factor_survey_id.meme	Blimp-1_SANGER_5	FBgn0035625_2	GAAAGKGAAAGC	2.22e-14	3.96e-12	2.40e-9	178	1351	1351	1351	1.1	137	10.14	41	3.03
34	/pine/scr/s/n/snystrom/br-cut-n-run-all/Data/fly_factor_survey_id.meme	lola-PQ_SANGER_5	FBgn0005630_7	AVRAACAMC	1.10e-14	7.82e-12	4.75e-9	710	1351	1351	1351	2.84	304	22.50	155	11.47
35	/pine/scr/s/n/snystrom/br-cut-n-run-all/Data/fly_factor_survey_id.meme	Blimp-1_NAR	FBgn0035625	RAAAGTGAAAGT	5.75e-14	9.32e-12	5.67e-9	162	1351	1351	1351	1.97	110	8.14	27	2.00
36	/pine/scr/s/n/snystrom/br-cut-n-run-all/Data/fly_factor_survey_id.meme	CG16778_SANGER_5	FBgn0003715	CACAYATG	2.81e-14	1.25e-11	7.61e-9	446	1351	1351	1351	13.9	117	8.66	30	2.22
37	/pine/scr/s/n/snystrom/br-cut-n-run-all/Data/fly_factor_survey_id.meme	jigr1_SANGER_5	FBgn0039350	MMTAAAAAAAA	2.21e-14	1.52e-11	9.24e-9	687	1351	1351	1351	1.06	428	31.68	257	19.02
38	/pine/scr/s/n/snystrom/br-cut-n-run-all/Data/fly_factor_survey_id.meme	klu_SANGER_10	FBgn0013469	TGYGKGGGTGK	1.94e-13	4.27e-11	2.60e-8	220	1351	1351	1351	1.11	160	11.84	58	4.29
39	/pine/scr/s/n/snystrom/br-cut-n-run-all/Data/fly_factor_survey_id.meme	CG7368_SOLEXA_2.5	FBgn0036179_2	KDGKGGGDGGGGGDR	2.98e-13	7.06e-11	4.29e-8	237	1351	1351	1351	1.46	159	11.77	58	4.29
40	/pine/scr/s/n/snystrom/br-cut-n-run-all/Data/fly_factor_survey_id.meme	z_FlyReg	FBgn0004050	WTGAGTGRDW	1.02e-13	7.54e-11	4.58e-8	737	1351	1351	1351	1.06	443	32.79	274	20.28
41	/pine/scr/s/n/snystrom/br-cut-n-run-all/Data/fly_factor_survey_id.meme	Ara_Cell	FBgn0015904	DAAWAACA	7.30e-14	8.79e-11	5.35e-8	1205	1351	1351	1351	3.1	263	19.47	128	9.47
42	/pine/scr/s/n/snystrom/br-cut-n-run-all/Data/fly_factor_survey_id.meme	l(3)neo38_SOLEXA_2.5	FBgn0086910_2	DGKGGGKGGGGGDGD	4.65e-13	2.00e-10	1.22e-7	430	1351	1351	1351	3.43	194	14.36	82	6.07
43	/pine/scr/s/n/snystrom/br-cut-n-run-all/Data/fly_factor_survey_id.meme	Mes2_SANGER_5	FBgn0037207	TTTARGCCAAVW	6.74e-12	2.44e-9	1.48e-6	362	1351	1351	1351	30.1	64	4.74	9	0.67
44	/pine/scr/s/n/snystrom/br-cut-n-run-all/Data/fly_factor_survey_id.meme	twi_FlyReg	FBgn0003900	YCGCATRTGTTG	1.29e-11	8.18e-9	4.97e-6	635	1351	1351	1351	1.4	323	23.91	187	13.84
45	/pine/scr/s/n/snystrom/br-cut-n-run-all/Data/fly_factor_survey_id.meme	pdm2_SOLEXA_5	FBgn0004394	TATGCAAATBR	2.76e-11	1.23e-8	7.46e-6	444	1351	1351	1351	1.21	264	19.54	142	10.51
46	/pine/scr/s/n/snystrom/br-cut-n-run-all/Data/fly_factor_survey_id.meme	CG5953_SANGER_5	FBgn0032587	ACAAACAY	4.58e-11	1.23e-8	7.50e-6	269	1351	1351	1351	28.6	63	4.66	10	0.74
47	/pine/scr/s/n/snystrom/br-cut-n-run-all/Data/fly_factor_survey_id.meme	lola-PW_SANGER_5	FBgn0005630_8	GTCTGCA	1.49e-10	7.80e-8	4.74e-5	522	1351	1351	1351	1.16	316	23.39	188	13.92
48	/pine/scr/s/n/snystrom/br-cut-n-run-all/Data/fly_factor_survey_id.meme	br-Z3_FlyReg	FBgn0000210_3	AARCTWKT	2.11e-10	2.14e-7	1.30e-4	1015	1351	1351	1351	1.95	289	21.39	167	12.36
49	/pine/scr/s/n/snystrom/br-cut-n-run-all/Data/fly_factor_survey_id.meme	lola-PC_SOLEXA	FBgn0005630_18	NNGGAAAANYB	4.13e-10	2.87e-7	1.74e-4	694	1351	1351	1351	1.21	386	28.57	250	18.50
50	/pine/scr/s/n/snystrom/br-cut-n-run-all/Data/fly_factor_survey_id.meme	l(3)neo38_SANGER_2.5	FBgn0086910	RGGGGGKGGGGGSABRKGT	1.40e-9	3.35e-7	2.04e-4	240	1351	1351	1351	6.77	96	7.11	31	2.29
51	/pine/scr/s/n/snystrom/br-cut-n-run-all/Data/fly_factor_survey_id.meme	chinmo_SOLEXA	FBgn0086758	RATGCACYTNN	1.02e-9	4.29e-7	2.61e-4	421	1351	1351	1351	1.05	265	19.62	152	11.25
52	/pine/scr/s/n/snystrom/br-cut-n-run-all/Data/fly_factor_survey_id.meme	dl_FlyReg	FBgn0000462_2	GGGAAAAYCC	7.52e-10	5.39e-7	3.28e-4	717	1351	1351	1351	1.32	351	25.98	222	16.43
53	/pine/scr/s/n/snystrom/br-cut-n-run-all/Data/fly_factor_survey_id.meme	zen_FlyReg	FBgn0004053_2	CATTWAWMTT	9.44e-10	5.76e-7	3.50e-4	610	1351	1351	1351	6.95	121	8.96	46	3.40
54	/pine/scr/s/n/snystrom/br-cut-n-run-all/Data/fly_factor_survey_id.meme	Adf1_SANGER_5	FBgn0000054_2	YACMGGCAGAGAHRM	3.68e-9	5.81e-7	3.53e-4	158	1351	1351	1351	1.16	113	8.36	43	3.18
55	/pine/scr/s/n/snystrom/br-cut-n-run-all/Data/fly_factor_survey_id.meme	crol_F7-16_SANGER_5	FBgn0020309	ACCCCCCCCCYCBCM	5.94e-9	8.62e-7	5.24e-4	145	1351	1351	1351	1.3	104	7.70	38	2.81
56	/pine/scr/s/n/snystrom/br-cut-n-run-all/Data/fly_factor_survey_id.meme	nub_SOLEXA_5	FBgn0085424_3	DTATGCAAATN	1.53e-9	8.65e-7	5.26e-4	566	1351	1351	1351	1.04	346	25.61	220	16.28
57	/pine/scr/s/n/snystrom/br-cut-n-run-all/Data/fly_factor_survey_id.meme	lola-PQ_SOLEXA	FBgn0005630_26	KYGBGKTGTTYKTKN	2.57e-9	1.55e-6	9.43e-4	604	1351	1351	1351	4.08	195	14.43	100	7.40
58	/pine/scr/s/n/snystrom/br-cut-n-run-all/Data/fly_factor_survey_id.meme	CG3838_SANGER_5	FBgn0032130	AHGCAACAT	6.30e-9	3.84e-6	2.33e-3	609	1351	1351	1351	2.55	245	18.13	141	10.44
59	/pine/scr/s/n/snystrom/br-cut-n-run-all/Data/fly_factor_survey_id.meme	Espl_FlyReg	FBgn0000591	TGTGVCNBGTGC	6.34e-8	1.13e-5	6.86e-3	178	1351	1351	1351	1.11	122	9.03	54	4.00
60	/pine/scr/s/n/snystrom/br-cut-n-run-all/Data/fly_factor_survey_id.meme	slp2_SANGER_5	FBgn0004567	RTAAACAA	4.02e-8	1.49e-5	9.04e-3	370	1351	1351	1351	1.06	231	17.10	135	9.99
61	/pine/scr/s/n/snystrom/br-cut-n-run-all/Data/fly_factor_survey_id.meme	Cf2-PB_SOLEXA	FBgn0000286_5	MTATATGTAMV	3.04e-8	1.61e-5	9.76e-3	528	1351	1351	1351	15.5	47	3.48	8	0.59
62	/pine/scr/s/n/snystrom/br-cut-n-run-all/Data/fly_factor_survey_id.meme	Caup_Cell	FBgn0015919	CWDTAACA	2.54e-8	2.79e-5	1.70e-2	1098	1351	1351	1351	4.47	102	7.55	39	2.89
63	/pine/scr/s/n/snystrom/br-cut-n-run-all/Data/fly_factor_survey_id.meme	l(1)sc_da_SANGER_5	FBgn0000413_13	GCAGGTG	6.92e-8	2.87e-5	1.75e-2	415	1351	1351	1351	1.43	214	15.84	123	9.10
64	/pine/scr/s/n/snystrom/br-cut-n-run-all/Data/fly_factor_survey_id.meme	CG12236-PB_SANGER_2.5	FBgn0029822_3	YTTCCA	4.87e-8	2.88e-5	1.75e-2	590	1351	1351	1351	2.97	351	25.98	236	17.47
65	/pine/scr/s/n/snystrom/br-cut-n-run-all/Data/fly_factor_survey_id.meme	rib_SANGER_5	FBgn0003254	YGCRAAAWW	1.08e-7	4.00e-5	2.43e-2	369	1351	1351	1351	38.1	23	1.70	0	0.00
66	/pine/scr/s/n/snystrom/br-cut-n-run-all/Data/fly_factor_survey_id.meme	sna_FlyReg	FBgn0003448	CMACYTGYTN	8.55e-8	5.63e-5	3.42e-2	658	1351	1351	1351	4.91	105	7.77	43	3.18
67	/pine/scr/s/n/snystrom/br-cut-n-run-all/Data/fly_factor_survey_id.meme	CG33557_da_SANGER_5	FBgn0000413_6	MCASATGKHRHVVMNAYWAMA	1.97e-7	5.85e-5	3.55e-2	297	1351	1351	1351	1.27	181	13.40	100	7.40
68	/pine/scr/s/n/snystrom/br-cut-n-run-all/Data/fly_factor_survey_id.meme	sr_SANGER_5	FBgn0003499	KTRBGKGGGCGKKD	1.91e-7	6.78e-5	4.12e-2	355	1351	1351	1351	4.43	126	9.33	59	4.37
69	/pine/scr/s/n/snystrom/br-cut-n-run-all/Data/fly_factor_survey_id.meme	Sox15_SANGER_5	FBgn0005613	AAACAATG	1.04e-7	7.43e-5	4.52e-2	714	1351	1351	1351	1.36	382	28.28	266	19.69
70	/pine/scr/s/n/snystrom/br-cut-n-run-all/Data/fly_factor_survey_id.meme	Mad_FlyReg	FBgn0011648	CBGSCGDCGC	1.62e-7	1.26e-4	7.68e-2	780	1351	1351	1351	1.9	303	22.43	199	14.73
71	/pine/scr/s/n/snystrom/br-cut-n-run-all/Data/fly_factor_survey_id.meme	lola-PL_SANGER_2.5	FBgn0005630_15	KGTGGGKCA	5.15e-7	1.55e-4	9.45e-2	302	1351	1351	1351	4.41	130	9.62	64	4.74
72	/pine/scr/s/n/snystrom/br-cut-n-run-all/Data/fly_factor_survey_id.meme	crol-F7-16_SOLEXA	FBgn0020309_2	GGGBGVGGGGGGGDD	1.15e-6	2.85e-4	1.73e-1	248	1351	1351	1351	1.81	141	10.44	74	5.48
73	/pine/scr/s/n/snystrom/br-cut-n-run-all/Data/fly_factor_survey_id.meme	lola-PD_SOLEXA	FBgn0005630_19	DKKGGGGGGCYBNBB	8.78e-7	4.73e-4	2.88e-1	539	1351	1351	1351	2.03	257	19.02	166	12.29
74	/pine/scr/s/n/snystrom/br-cut-n-run-all/Data/fly_factor_survey_id.meme	sr_SOLEXA_5	FBgn0003499_2	DBGYGTGGGYGKDN	8.24e-7	4.81e-4	2.93e-1	584	1351	1351	1351	6	134	9.92	68	5.03
75	/pine/scr/s/n/snystrom/br-cut-n-run-all/Data/fly_factor_survey_id.meme	Side_SANGER_5	FBgn0032741	RAAACASCTGT	2.81e-6	6.20e-4	3.77e-1	221	1351	1351	1351	1.06	142	10.51	77	5.70
76	/pine/scr/s/n/snystrom/br-cut-n-run-all/Data/fly_factor_survey_id.meme	sage_da_SANGER_5	FBgn0000413_16	RAAACASCTGT	2.81e-6	6.20e-4	3.77e-1	221	1351	1351	1351	1.06	142	10.51	77	5.70
77	/pine/scr/s/n/snystrom/br-cut-n-run-all/Data/fly_factor_survey_id.meme	ato_da_SANGER_5_2	FBgn0000413_21	GHCAKRTGB	1.68e-6	8.19e-4	4.98e-1	487	1351	1351	1351	1.3	272	20.13	181	13.40
78	/pine/scr/s/n/snystrom/br-cut-n-run-all/Data/fly_factor_survey_id.meme	ftz_FlyReg	FBgn0001077_2	RNCMATTA	9.81e-7	8.61e-4	5.24e-1	878	1351	1351	1351	3.81	54	4.00	15	1.11
79	/pine/scr/s/n/snystrom/br-cut-n-run-all/Data/fly_factor_survey_id.meme	Mirr_SOLEXA	FBgn0014343_2	DWWACA	7.87e-7	1.02e-3	6.18e-1	1292	1351	1351	1351	1.72	294	21.76	197	14.58
80	/pine/scr/s/n/snystrom/br-cut-n-run-all/Data/fly_factor_survey_id.meme	nub_NAR	FBgn0085424	TATGCAAATNAG	4.69e-6	1.02e-3	6.19e-1	217	1351	1351	1351	1.15	135	9.99	73	5.40
81	/pine/scr/s/n/snystrom/br-cut-n-run-all/Data/fly_factor_survey_id.meme	CG3065_F1-3_SANGER_2.5	FBgn0034946	GKGGGCGTGGY	1.46e-5	1.17e-3	7.09e-1	80	1351	1351	1351	119	16	1.18	0	0.00
82	/pine/scr/s/n/snystrom/br-cut-n-run-all/Data/fly_factor_survey_id.meme	onecut_Cell	FBgn0028996	TTGATTD	3.17e-6	1.58e-3	9.60e-1	499	1351	1351	1351	8.76	135	9.99	72	5.33
83	/pine/scr/s/n/snystrom/br-cut-n-run-all/Data/fly_factor_survey_id.meme	foxo_SANGER_10	FBgn0038197	TGTTTWYGR	2.64e-6	1.81e-3	1.10e0	687	1351	1351	1351	1.52	314	23.24	219	16.21
84	/pine/scr/s/n/snystrom/br-cut-n-run-all/Data/fly_factor_survey_id.meme	lola-PW_SOLEXA	FBgn0005630_29	YKTGCAGMVN	3.80e-6	1.92e-3	1.17e0	506	1351	1351	1351	2.36	188	13.92	114	8.44
85	/pine/scr/s/n/snystrom/br-cut-n-run-all/Data/fly_factor_survey_id.meme	Eip93F_SANGER_10	FBgn0013948	ACWSCCRAAAWT	7.96e-6	2.04e-3	1.24e0	256	1351	1351	1351	1.38	141	10.44	79	5.85
86	/pine/scr/s/n/snystrom/br-cut-n-run-all/Data/fly_factor_survey_id.meme	fkh_NAR	FBgn0000659	TGTTTRYHYAA	4.17e-6	2.11e-3	1.28e0	505	1351	1351	1351	1.21	275	20.36	187	13.84
87	/pine/scr/s/n/snystrom/br-cut-n-run-all/Data/fly_factor_survey_id.meme	Deaf1_FlyReg	FBgn0013799	TTCGKB	2.05e-6	2.39e-3	1.45e0	1164	1351	1351	1351	3.14	92	6.81	40	2.96
88	/pine/scr/s/n/snystrom/br-cut-n-run-all/Data/fly_factor_survey_id.meme	lola-PU_SANGER_5	FBgn0005630_3	GCTCAAHAM	5.91e-6	2.39e-3	1.46e0	406	1351	1351	1351	5.63	99	7.33	47	3.48
89	/pine/scr/s/n/snystrom/br-cut-n-run-all/Data/fly_factor_survey_id.meme	Cf2-PA_SANGER_2.5	FBgn0000286_3	TADSYGAAA	6.92e-6	2.65e-3	1.61e0	383	1351	1351	1351	27.8	26	1.92	3	0.22
90	/pine/scr/s/n/snystrom/br-cut-n-run-all/Data/fly_factor_survey_id.meme	grh_FlyReg	FBgn0259211	CTGGTTYWVY	3.49e-6	2.73e-3	1.66e0	784	1351	1351	1351	1.06	434	32.12	328	24.28
91	/pine/scr/s/n/snystrom/br-cut-n-run-all/Data/fly_factor_survey_id.meme	CG3065_F1-3_SOLEXA_2.5	FBgn0034946_2	DRGTGGGCGTGGYYG	1.46e-5	2.96e-3	1.80e0	203	1351	1351	1351	106	16	1.18	0	0.00
92	/pine/scr/s/n/snystrom/br-cut-n-run-all/Data/fly_factor_survey_id.meme	D_NAR	FBgn0000411	WNAACAATRGV	6.74e-6	3.83e-3	2.33e0	570	1351	1351	1351	1.83	253	18.73	170	12.58
93	/pine/scr/s/n/snystrom/br-cut-n-run-all/Data/fly_factor_survey_id.meme	CG12236-PB_SOLEXA	FBgn0029822_4	MCTTCCARYV	7.17e-6	3.98e-3	2.42e0	557	1351	1351	1351	1.15	307	22.72	217	16.06
94	/pine/scr/s/n/snystrom/br-cut-n-run-all/Data/fly_factor_survey_id.meme	CG12029_SOLEXA_5	FBgn0035454_2	DDTGGGTGTGGCHBN	1.61e-5	4.43e-3	2.69e0	275	1351	1351	1351	1.23	160	11.84	96	7.11
95	/pine/scr/s/n/snystrom/br-cut-n-run-all/Data/fly_factor_survey_id.meme	CG4404_SANGER_5	FBgn0030432	GCAGYAWWTAVASM	2.90e-5	5.50e-3	3.34e0	190	1351	1351	1351	6.44	64	4.74	26	1.92
96	/pine/scr/s/n/snystrom/br-cut-n-run-all/Data/fly_factor_survey_id.meme	CG4854_SANGER_10	FBgn0038766	GTDGTTGGCAAC	4.57e-5	5.55e-3	3.38e0	122	1351	1351	1351	3.17	52	3.85	19	1.41
97	/pine/scr/s/n/snystrom/br-cut-n-run-all/Data/fly_factor_survey_id.meme	phol_SOLEXA_5	FBgn0035997_2	HMMAANATGGCGVMH	3.45e-5	6.50e-3	3.95e0	189	1351	1351	1351	1.16	115	8.51	63	4.66
98	/pine/scr/s/n/snystrom/br-cut-n-run-all/Data/fly_factor_survey_id.meme	lola-PF_SOLEXA	FBgn0005630_20	NBNRRTGGAGTTKBD	3.04e-5	6.57e-3	3.99e0	217	1351	1351	1351	21.8	34	2.52	8	0.59
99	/pine/scr/s/n/snystrom/br-cut-n-run-all/Data/fly_factor_survey_id.meme	CG4854_SOLEXA_5	FBgn0038766_2	WBBKRBKBNDKGTRGTTGGCAACDC	7.34e-5	6.94e-3	4.22e0	95	1351	1351	1351	13.1	22	1.63	3	0.22
100	/pine/scr/s/n/snystrom/br-cut-n-run-all/Data/fly_factor_survey_id.meme	lola-PC_SANGER_5	FBgn0005630_13	GGAAAAHYC	2.67e-5	7.35e-3	4.47e0	276	1351	1351	1351	6.45	93	6.88	46	3.40
101	/pine/scr/s/n/snystrom/br-cut-n-run-all/Data/fly_factor_survey_id.meme	CG7368_SANGER_5	FBgn0036179	GDGGGGKGGGGGGGGAWWVT	2.52e-4	8.52e-3	5.18e0	34	1351	1351	1351	8.67	22	1.63	4	0.30
102	/pine/scr/s/n/snystrom/br-cut-n-run-all/Data/fly_factor_survey_id.meme	Eip75B_SANGER_5	FBgn0000568	TAWDTRGGTCA	5.18e-5	1.02e-2	6.20e0	198	1351	1351	1351	22.8	27	2.00	5	0.37
103	/pine/scr/s/n/snystrom/br-cut-n-run-all/Data/fly_factor_survey_id.meme	Met_SANGER_5	FBgn0002723_2	CACGTGK	2.99e-5	1.06e-2	6.45e0	357	1351	1351	1351	1.16	205	15.17	135	9.99
104	/pine/scr/s/n/snystrom/br-cut-n-run-all/Data/fly_factor_survey_id.meme	pan_FlyReg	FBgn0085432	YTTTGATM	9.62e-6	1.07e-2	6.50e0	1117	1351	1351	1351	3.12	122	9.03	65	4.81
105	/pine/scr/s/n/snystrom/br-cut-n-run-all/Data/fly_factor_survey_id.meme	vvl_SOLEXA_5	FBgn0086680_2	WWATKCANANNVVVN	1.32e-5	1.25e-2	7.59e0	954	1351	1351	1351	1.42	359	26.57	266	19.69
106	/pine/scr/s/n/snystrom/br-cut-n-run-all/Data/fly_factor_survey_id.meme	bab1_FlyReg	FBgn0004870	TATWAWTRTT	4.89e-5	1.39e-2	8.47e0	287	1351	1351	1351	1.06	174	12.88	111	8.22
107	/pine/scr/s/n/snystrom/br-cut-n-run-all/Data/fly_factor_survey_id.meme	Hr46_FlyReg	FBgn0000448	AWKTGGGTYW	7.77e-5	1.46e-2	8.86e0	189	1351	1351	1351	1.51	95	7.03	50	3.70

# AME (Analysis of Motif Enrichment): Version 5.1.1 compiled on Feb 17 2020 at 11:58:11
# The format of this file is described at http://meme-suite.org//doc/ame-output-format.html.
# ame --verbose 1 --scoring avg --method fisher --hit-lo-fraction 0.25 --evalue-report-threshold 10 --oc motif_data/all-br-peaks/all_br_peaks_1351_features.fasta_vs_shuffle/ame --control motif_data/all-br-peaks/all_br_peaks_1351_features.fasta.shuffle motif_data/all-br-peaks/all_br_peaks_1351_features.fasta /pine/scr/s/n/snystrom/br-cut-n-run-all/Data/fly_factor_survey_id.meme
